rho,iter,conv,wmax,xerr,xbar
0.1,1,32.81481481481481,6.666666666666669,58.333333333333314,57.3333333333 308.333333333 134.333333333
0.1,2,32.81481481481481,13.333333333333337,58.333333333333314,57.3333333333 308.333333333 134.333333333
0.1,3,32.81481481481481,20.000000000000007,58.333333333333314,57.3333333333 308.333333333 134.333333333
0.1,4,32.81481481481481,26.666666666666675,58.333333333333314,57.3333333333 308.333333333 134.333333333
0.1,5,23.185185185185187,30.80000000000001,45.66666666666663,70 295.666666667 134.333333333
0.1,6,22.074074074074076,32.533333333333346,35.666666666666686,82 283.666666667 134.333333333
0.1,7,22.148148148148145,34.59999999999999,35.666666666666686,82.3333333333 283.333333333 134.333333333
0.1,8,22.148148148148145,38.933333333333344,35.666666666666686,82.3333333333 283.333333333 134.333333333
0.1,9,22.148148148148145,43.80000000000001,35.666666666666686,82.3333333333 283.333333333 134.333333333
0.1,10,19.25925925925926,47.80000000000001,40.0,86.6666666667 283.333333333 130
0.1,11,15.703703703703704,49.933333333333344,49.33333333333334,96 283.333333333 120.666666667
0.1,12,15.703703703703704,51.26666666666663,54.0,100.666666667 283.333333333 116
0.1,13,15.703703703703704,54.59999999999996,54.0,100.666666667 283.333333333 116
0.1,14,15.555555555555559,57.93333333333329,52.33333333333334,99 283.333333333 117.666666667
0.1,15,15.555555555555559,61.266666666666616,51.33333333333334,98 283.333333333 118.666666667
0.1,16,15.555555555555559,64.59999999999995,51.33333333333334,98 283.333333333 118.666666667
0.1,17,15.555555555555562,67.93333333333328,51.66666666666667,98.3333333333 283.333333333 118.333333333
0.1,18,15.555555555555562,71.26666666666661,51.66666666666667,98.3333333333 283.333333333 118.333333333
0.1,19,15.555555555555562,74.59999999999994,51.66666666666667,98.3333333333 283.333333333 118.333333333
0.1,20,15.555555555555562,77.93333333333327,51.66666666666667,98.3333333333 283.333333333 118.333333333
0.1,21,15.555555555555562,81.2666666666666,51.66666666666667,98.3333333333 283.333333333 118.333333333
0.1,22,15.555555555555562,84.59999999999992,51.66666666666667,98.3333333333 283.333333333 118.333333333
0.1,23,15.555555555555562,87.93333333333325,51.66666666666667,98.3333333333 283.333333333 118.333333333
0.1,24,15.555555555555562,91.26666666666658,51.66666666666667,98.3333333333 283.333333333 118.333333333
0.1,25,15.555555555555562,94.59999999999991,51.66666666666667,98.3333333333 283.333333333 118.333333333
0.1,26,12.962962962962967,97.43333333333324,46.66666666666667,98.3333333333 278.333333333 123.333333333
0.1,27,11.851851851851851,99.86666666666657,41.0,96.6666666667 274.333333333 129
0.1,28,12.222222222222216,102.13333333333324,37.666666666666686,95 272.666666667 132.333333333
0.1,29,12.296296296296296,104.36666666666657,37.0,94.6666666667 272.333333333 133
0.1,30,12.222222222222221,106.66666666666657,38.0,95 273 132
0.1,31,12.074074074074073,109.06666666666658,39.666666666666686,95.6666666667 274 130.333333333
0.1,32,11.925925925925924,111.49999999999991,40.666666666666686,96.3333333333 274.333333333 129.333333333
0.1,33,11.851851851851851,113.93333333333325,41.0,96.6666666667 274.333333333 129
0.1,34,11.925925925925924,116.36666666666659,40.666666666666686,96.3333333333 274.333333333 129.333333333
0.1,35,12.0,118.7666666666666,40.0,96 274 130
0.1,36,12.074074074074073,121.1666666666666,39.666666666666686,95.6666666667 274 130.333333333
0.1,37,11.999999999999993,123.53333333333326,39.666666666666686,96 273.666666667 130.333333333
0.1,38,12.0,125.93333333333327,40.0,96 274 130
0.1,39,12.0,128.33333333333326,40.0,96 274 130
0.1,40,12.0,130.73333333333326,40.0,96 274 130
0.1,41,12.0,133.13333333333327,40.0,96 274 130
0.1,42,12.0,135.53333333333327,40.0,96 274 130
0.1,43,12.0,137.93333333333328,40.0,96 274 130
0.1,44,12.0,140.3333333333333,40.0,96 274 130
0.1,45,12.0,142.7333333333333,40.0,96 274 130
0.1,46,12.0,145.1333333333333,40.0,96 274 130
0.1,47,12.0,147.5333333333333,40.0,96 274 130
0.1,48,12.0,149.9333333333333,40.0,96 274 130
0.1,49,12.0,152.33333333333331,40.0,96 274 130
0.1,50,12.0,154.73333333333332,40.0,96 274 130
0.1,51,12.0,157.13333333333333,40.0,96 274 130
0.1,52,12.0,159.53333333333333,40.0,96 274 130
0.1,53,12.0,161.93333333333334,40.0,96 274 130
0.1,54,12.0,164.33333333333334,40.0,96 274 130
0.1,55,12.0,166.73333333333335,40.0,96 274 130
0.1,56,12.0,169.13333333333335,40.0,96 274 130
0.1,57,12.0,171.53333333333336,40.0,96 274 130
0.1,58,12.0,173.93333333333337,40.0,96 274 130
0.1,59,12.0,176.33333333333337,40.0,96 274 130
0.1,60,12.0,178.73333333333338,40.0,96 274 130
0.1,61,12.0,181.13333333333338,40.0,96 274 130
0.1,62,12.0,183.5333333333334,40.0,96 274 130
0.1,63,12.0,185.9333333333334,40.0,96 274 130
0.1,64,12.0,188.3333333333334,40.0,96 274 130
0.1,65,11.555555555555552,190.66666666666674,39.33333333333334,96 273.333333333 130.666666667
0.1,66,9.111111111111114,192.40000000000006,33.0,95.6666666667 267.333333333 137
0.1,67,6.518518518518517,193.3333333333334,23.0,93.6666666667 259.333333333 147
0.1,68,3.8518518518518476,193.60000000000005,11.333333333333343,88.6666666667 252.666666667 158.666666667
0.1,69,1.4814814814814856,193.3666666666667,2.3333333333333712,81.6666666667 247.666666667 170.666666667
0.1,70,2.666666666666662,192.80000000000004,10.333333333333314,75.3333333333 244.333333333 180.333333333
0.1,71,4.444444444444445,192.00000000000003,16.0,72 242 186
0.1,72,4.888888888888886,191.13333333333335,17.0,71.6666666667 241.333333333 187
0.1,73,3.999999999999997,190.36666666666667,14.666666666666657,73 242.333333333 184.666666667
0.1,74,3.037037037037035,189.83333333333334,11.666666666666657,73.6666666667 244.666666667 181.666666667
0.1,75,2.2222222222222223,189.53333333333333,8.0,75 247 178
0.1,76,1.037037037037038,189.43333333333334,3.3333333333333144,77.6666666667 249 173.333333333
0.1,77,0.2962962962963,189.5,1.0,80.3333333333 250.666666667 169
0.1,78,1.1111111111111127,189.7,4.333333333333343,82.3333333333 252 165.666666667
0.1,79,1.7777777777777795,190.0,6.333333333333343,83.3333333333 253 163.666666667
0.1,80,2.000000000000006,190.36666666666667,7.333333333333343,83.6666666667 253.666666667 162.666666667
0.1,81,1.7777777777777826,190.70000000000002,6.666666666666686,83.3333333333 253.333333333 163.333333333
0.1,82,1.3333333333333366,190.93333333333334,5.0,82.6666666667 252.333333333 165
0.1,83,0.8148148148148111,191.06666666666666,2.6666666666666856,81.3333333333 251.333333333 167.333333333
0.1,84,0.4444444444444397,191.1,0.6666666666666856,80.3333333333 250.333333333 169.333333333
0.1,85,0.4444444444444397,191.03333333333333,1.3333333333333144,79.3333333333 249.333333333 171.333333333
0.1,86,0.7407407407407413,190.93333333333334,2.666666666666657,78.3333333333 249 172.666666667
0.1,87,0.8888888888888842,190.76666666666668,3.3333333333333144,78.3333333333 248.333333333 173.333333333
0.1,88,0.8888888888888842,190.60000000000002,3.3333333333333144,78.3333333333 248.333333333 173.333333333
0.1,89,0.7407407407407397,190.43333333333337,3.0,78.6666666667 248.333333333 173
0.1,90,0.6666666666666666,190.33333333333337,2.0,79 249 172
0.1,91,0.2962962962962952,190.2666666666667,1.0,79.6666666667 249.333333333 171
0.1,92,0.0,190.2666666666667,0.0,80 250 170
0.1,93,0.2962962962963,190.33333333333337,1.0,80.3333333333 250.666666667 169
0.1,94,0.5185185185185175,190.43333333333337,1.6666666666666856,80.6666666667 251 168.333333333
0.1,95,0.4444444444444444,190.53333333333336,2.0,81 251 168
0.1,96,0.666666666666673,190.60000000000002,1.6666666666666856,81 250.666666667 168.333333333
0.1,97,0.5925925925925968,190.66666666666669,1.3333333333333428,80.6666666667 250.666666667 168.666666667
0.1,98,0.4444444444444397,190.70000000000002,0.6666666666666856,80.3333333333 250.333333333 169.333333333
0.1,99,0.0,190.70000000000002,0.0,80 250 170
0.1,100,0.44444444444445075,190.66666666666669,0.6666666666666572,79.6666666667 249.666666667 170.666666667
1.0,1,32.81481481481481,66.66666666666669,58.333333333333314,57.3333333333 308.333333333 134.333333333
1.0,2,19.037037037037038,91.66666666666663,40.33333333333334,87 283.333333333 129.666666667
1.0,3,12.444444444444446,113.66666666666663,42.000000000000014,100 272 128
1.0,4,12.296296296296296,135.99999999999994,42.0,99.6666666667 272.333333333 128
1.0,5,11.851851851851851,160.33333333333326,41.0,96.6666666667 274.333333333 129
1.0,6,12.074074074074073,184.66666666666657,40.0,95.6666666667 274.333333333 130
1.0,7,9.555555555555559,203.9999999999999,35.0,95.6666666667 269.333333333 135
1.0,8,7.333333333333337,215.9999999999999,26.333333333333343,94.3333333333 262 143.666666667
1.0,9,4.814814814814813,219.66666666666652,16.0,92.3333333333 253.666666667 154
1.0,10,3.1111111111111094,214.66666666666652,12.333333333333329,92.3333333333 245 162.666666667
1.0,11,4.0000000000000036,205.66666666666652,10.666666666666657,90.6666666667 241 168.333333333
1.0,12,3.8518518518518507,196.99999999999983,8.666666666666686,86.6666666667 241.333333333 172
1.0,13,2.5185185185185173,191.33333333333314,5.666666666666686,81 244.333333333 174.666666667
1.0,14,1.4814814814814856,188.99999999999977,5.666666666666657,76.6666666667 247.666666667 175.666666667
1.0,15,2.0740740740740744,187.99999999999977,5.666666666666657,75.3333333333 249 175.666666667
1.0,16,1.925925925925927,187.3333333333331,5.0,75.6666666667 249.333333333 175
1.0,17,1.037037037037038,186.3333333333331,3.3333333333333144,77.6666666667 249 173.333333333
1.0,18,0.6666666666666635,185.6666666666664,1.6666666666666572,79 249.333333333 171.666666667
1.0,19,0.5185185185185222,185.33333333333303,0.33333333333337123,80.3333333333 249.666666667 170
1.0,20,0.6666666666666603,185.99999999999966,1.6666666666666856,81 250.666666667 168.333333333
1.0,21,0.8888888888888921,187.33333333333297,3.0,81.6666666667 251.333333333 167
1.0,22,0.8888888888888952,188.9999999999996,3.333333333333343,81.6666666667 251.666666667 166.666666667
1.0,23,0.8888888888888952,190.66666666666623,3.333333333333343,81.6666666667 251.666666667 166.666666667
1.0,24,0.7407407407407397,191.99999999999955,2.333333333333343,81 251.333333333 167.666666667
1.0,25,0.4444444444444397,192.33333333333286,0.6666666666666856,80.3333333333 250.333333333 169.333333333
1.0,26,0.2962962962963,191.9999999999995,0.33333333333337123,80.3333333333 249.666666667 170
1.0,27,0.44444444444445075,191.66666666666612,0.6666666666666572,79.6666666667 249.666666667 170.666666667
1.0,28,0.6666666666666635,190.99999999999943,1.6666666666666572,79 249.333333333 171.666666667
1.0,29,0.6666666666666635,189.99999999999943,2.3333333333333144,78.6666666667 249 172.333333333
1.0,30,0.4444444444444444,188.99999999999943,2.0,79 249 172
1.0,31,0.2962962962962952,188.33333333333275,1.0,79.6666666667 249.333333333 171
1.0,32,0.2962962962962984,187.99999999999937,0.33333333333337123,80 249.666666667 170.333333333
1.0,33,0.518518518518519,187.99999999999937,0.3333333333333428,80.3333333333 250 169.666666667
1.0,34,0.2962962962963,188.666666666666,1.0,80.3333333333 250.666666667 169
1.0,35,0.2962962962963,189.33333333333263,1.0,80.3333333333 250.666666667 169
1.0,36,0.44444444444445075,189.99999999999926,1.3333333333333428,80.6666666667 250.666666667 168.666666667
1.0,37,0.44444444444445075,190.6666666666659,1.3333333333333428,80.6666666667 250.666666667 168.666666667
1.0,38,0.4444444444444397,190.9999999999992,0.6666666666666856,80.3333333333 250.333333333 169.333333333
1.0,39,0.0,190.9999999999992,0.0,80 250 170
1.0,40,0.2962962962962952,190.9999999999992,0.3333333333333428,79.6666666667 250 170.333333333
1.0,41,0.44444444444445075,190.66666666666583,0.6666666666666572,79.6666666667 249.666666667 170.666666667
1.0,42,0.4444444444444397,189.99999999999915,1.3333333333333144,79.3333333333 249.333333333 171.333333333
1.0,43,0.4444444444444397,189.33333333333246,1.3333333333333144,79.3333333333 249.333333333 171.333333333
1.0,44,0.5185185185185175,188.66666666666578,0.6666666666666856,80 249.333333333 170.666666667
1.0,45,0.0,188.66666666666578,0.0,80 250 170
1.0,46,0.2962962962962952,188.9999999999991,0.3333333333333428,80 250.333333333 169.666666667
1.0,47,0.6666666666666635,189.3333333333324,0.3333333333333428,80 250.333333333 169.666666667
1.0,48,0.5925925925925921,189.66666666666572,0.6666666666666856,80.3333333333 250.333333333 169.333333333
1.0,49,0.2962962962962952,189.99999999999903,1.0,80.6666666667 250.333333333 169
1.0,50,0.29629629629629683,189.99999999999903,0.3333333333333428,80.3333333333 250 169.666666667
1.0,51,0.29629629629629683,189.99999999999903,0.3333333333333428,80.3333333333 250 169.666666667
1.0,52,0.2962962962962952,190.33333333333235,0.3333333333333428,80 250.333333333 169.666666667
1.0,53,0.2962962962962952,190.66666666666566,0.3333333333333428,80 250.333333333 169.666666667
1.0,54,0.0,190.66666666666566,0.0,80 250 170
1.0,55,0.0,190.66666666666566,0.0,80 250 170
1.0,56,0.0,190.66666666666566,0.0,80 250 170
1.0,57,0.0,190.66666666666566,0.0,80 250 170
1.0,58,0.0,190.66666666666566,0.0,80 250 170
1.0,59,0.0,190.66666666666566,0.0,80 250 170
1.0,60,0.0,190.66666666666566,0.0,80 250 170
1.0,61,0.0,190.66666666666566,0.0,80 250 170
1.0,62,0.0,190.66666666666566,0.0,80 250 170
1.0,63,0.0,190.66666666666566,0.0,80 250 170
1.0,64,0.0,190.66666666666566,0.0,80 250 170
1.0,65,0.0,190.66666666666566,0.0,80 250 170
1.0,66,0.0,190.66666666666566,0.0,80 250 170
1.0,67,0.0,190.66666666666566,0.0,80 250 170
1.0,68,0.0,190.66666666666566,0.0,80 250 170
1.0,69,0.0,190.66666666666566,0.0,80 250 170
1.0,70,0.0,190.66666666666566,0.0,80 250 170
1.0,71,0.0,190.66666666666566,0.0,80 250 170
1.0,72,0.0,190.66666666666566,0.0,80 250 170
1.0,73,0.0,190.66666666666566,0.0,80 250 170
1.0,74,0.0,190.66666666666566,0.0,80 250 170
1.0,75,0.0,190.66666666666566,0.0,80 250 170
1.0,76,0.0,190.66666666666566,0.0,80 250 170
1.0,77,0.0,190.66666666666566,0.0,80 250 170
1.0,78,0.0,190.66666666666566,0.0,80 250 170
1.0,79,0.0,190.66666666666566,0.0,80 250 170
1.0,80,0.0,190.66666666666566,0.0,80 250 170
1.0,81,0.0,190.66666666666566,0.0,80 250 170
1.0,82,0.0,190.66666666666566,0.0,80 250 170
1.0,83,0.0,190.66666666666566,0.0,80 250 170
1.0,84,0.0,190.66666666666566,0.0,80 250 170
1.0,85,0.0,190.66666666666566,0.0,80 250 170
1.0,86,0.0,190.66666666666566,0.0,80 250 170
1.0,87,0.0,190.66666666666566,0.0,80 250 170
1.0,88,0.0,190.66666666666566,0.0,80 250 170
1.0,89,0.0,190.66666666666566,0.0,80 250 170
1.0,90,0.0,190.66666666666566,0.0,80 250 170
1.0,91,0.0,190.66666666666566,0.0,80 250 170
1.0,92,0.0,190.66666666666566,0.0,80 250 170
1.0,93,0.0,190.66666666666566,0.0,80 250 170
1.0,94,0.0,190.66666666666566,0.0,80 250 170
1.0,95,0.0,190.66666666666566,0.0,80 250 170
1.0,96,0.0,190.66666666666566,0.0,80 250 170
1.0,97,0.0,190.66666666666566,0.0,80 250 170
1.0,98,0.0,190.66666666666566,0.0,80 250 170
1.0,99,0.0,190.66666666666566,0.0,80 250 170
1.0,100,0.0,190.66666666666566,0.0,80 250 170
10.0,1,32.81481481481481,666.6666666666669,58.333333333333314,57.3333333333 308.333333333 134.333333333
10.0,2,24.666666666666668,186.66666666666686,45.0,69 295 136
10.0,3,5.481481481481479,179.99999999999943,39.66666666666663,74 289.666666667 136.333333333
10.0,4,2.074074074074073,203.33333333333258,36.333333333333314,78 286.333333333 135.666666667
10.0,5,0.5925925925925889,206.66666666666572,34.666666666666686,81.3333333333 283.333333333 135.333333333
10.0,6,1.185185185185181,213.333333333332,34.33333333333334,82.6666666667 281.666666667 135.666666667
10.0,7,1.1851851851851842,216.66666666666515,33.0,82.6666666667 280.333333333 137
10.0,8,0.5925925925925889,219.9999999999983,31.666666666666686,82.3333333333 279.333333333 138.333333333
10.0,9,0.29629629629629683,219.9999999999983,30.333333333333343,82.3333333333 278 139.666666667
10.0,10,0.0,219.9999999999983,29.0,82 277 141
10.0,11,0.2962962962962952,219.9999999999983,27.666666666666686,81.6666666667 276 142.333333333
10.0,12,0.29629629629629683,219.9999999999983,26.333333333333343,81.3333333333 275 143.666666667
10.0,13,0.0,219.9999999999983,25.0,81 274 145
10.0,14,0.2962962962962952,219.9999999999983,23.666666666666686,80.6666666667 273 146.333333333
10.0,15,0.29629629629629683,219.9999999999983,22.333333333333343,80.3333333333 272 147.666666667
10.0,16,0.0,219.9999999999983,21.0,80 271 149
10.0,17,0.0,219.9999999999983,20.0,80 270 150
10.0,18,0.0,219.9999999999983,19.0,80 269 151
10.0,19,0.0,219.9999999999983,18.0,80 268 152
10.0,20,0.0,219.9999999999983,17.0,80 267 153
10.0,21,0.0,219.9999999999983,16.0,80 266 154
10.0,22,0.0,219.9999999999983,15.0,80 265 155
10.0,23,0.0,219.9999999999983,14.0,80 264 156
10.0,24,0.0,219.9999999999983,13.0,80 263 157
10.0,25,0.0,219.9999999999983,12.0,80 262 158
10.0,26,0.0,219.9999999999983,11.0,80 261 159
10.0,27,0.0,219.9999999999983,10.0,80 260 160
10.0,28,0.0,219.9999999999983,9.0,80 259 161
10.0,29,0.0,219.9999999999983,8.0,80 258 162
10.0,30,0.0,219.9999999999983,7.0,80 257 163
10.0,31,0.0,219.9999999999983,6.0,80 256 164
10.0,32,0.0,219.9999999999983,5.0,80 255 165
10.0,33,9.473903143468002e-15,219.999999999998,4.0,80 254 166
10.0,34,0.0,219.999999999998,3.0,80 253 167
10.0,35,0.0,219.999999999998,2.0,80 252 168
10.0,36,9.473903143468002e-15,219.99999999999773,1.0,80 251 169
10.0,37,0.0,219.99999999999773,0.0,80 250 170
10.0,38,0.2962962962962952,213.33333333333087,0.6666666666666856,80 249.333333333 170.666666667
10.0,39,0.5925925925925905,199.99999999999716,1.6666666666666572,79.6666666667 248.666666667 171.666666667
10.0,40,0.4444444444444444,189.99999999999716,2.0,79 249 172
10.0,41,0.4444444444444444,179.99999999999716,2.0,79 249 172
10.0,42,0.4444444444444397,173.3333333333303,1.3333333333333144,79.3333333333 249.333333333 171.333333333
10.0,43,0.2962962962963,169.9999999999966,1.0,79.3333333333 249.666666667 171
10.0,44,0.4444444444444444,169.9999999999966,0.0,80 250 170
10.0,45,0.4444444444444397,173.33333333332973,0.6666666666666856,80.3333333333 250.333333333 169.333333333
10.0,46,0.2962962962962952,176.66666666666288,1.0,80.6666666667 250.333333333 169
10.0,47,0.44444444444445075,183.33333333332916,1.3333333333333428,80.6666666667 250.666666667 168.666666667
10.0,48,0.44444444444445075,189.99999999999545,1.3333333333333428,80.6666666667 250.666666667 168.666666667
10.0,49,0.2962962962963,196.66666666666174,1.0,80.3333333333 250.666666667 169
10.0,50,0.2962962962962952,199.99999999999488,0.3333333333333428,80 250.333333333 169.666666667
10.0,51,0.2962962962962984,196.66666666666117,0.33333333333337123,80 249.666666667 170.333333333
10.0,52,0.2962962962962952,189.99999999999432,1.0,79.6666666667 249.333333333 171
10.0,53,0.5185185185185222,186.6666666666606,1.0,79.3333333333 249.666666667 171
10.0,54,0.2962962962963,183.3333333333269,1.0,79.3333333333 249.666666667 171
10.0,55,0.44444444444445075,179.99999999999318,0.6666666666666572,79.6666666667 249.666666667 170.666666667
10.0,56,0.2962962962962984,176.66666666665947,0.33333333333337123,80 249.666666667 170.333333333
10.0,57,0.2962962962962984,173.33333333332575,0.33333333333337123,80 249.666666667 170.333333333
10.0,58,0.2962962962962952,176.6666666666589,0.3333333333333428,80 250.333333333 169.666666667
10.0,59,0.2962962962963,183.33333333332519,1.0,80.3333333333 250.666666667 169
10.0,60,0.5185185185185175,186.66666666665833,1.0,80.6666666667 250.333333333 169
10.0,61,0.2962962962962952,189.99999999999147,1.0,80.6666666667 250.333333333 169
10.0,62,0.4444444444444397,193.33333333332462,0.6666666666666856,80.3333333333 250.333333333 169.333333333
10.0,63,0.2962962962962952,196.66666666665776,0.3333333333333428,80 250.333333333 169.666666667
10.0,64,0.2962962962962952,199.9999999999909,0.3333333333333428,80 250.333333333 169.666666667
10.0,65,0.2962962962962984,196.6666666666572,0.33333333333337123,80 249.666666667 170.333333333
10.0,66,0.2962962962962952,189.99999999999034,1.0,79.6666666667 249.333333333 171
10.0,67,0.5185185185185222,186.66666666665662,1.0,79.3333333333 249.666666667 171
10.0,68,0.2962962962963,183.3333333333229,1.0,79.3333333333 249.666666667 171
10.0,69,0.44444444444445075,179.9999999999892,0.6666666666666572,79.6666666667 249.666666667 170.666666667
10.0,70,0.2962962962962984,176.6666666666555,0.33333333333337123,80 249.666666667 170.333333333
10.0,71,0.2962962962962984,173.33333333332178,0.33333333333337123,80 249.666666667 170.333333333
10.0,72,0.2962962962962952,176.66666666665492,0.3333333333333428,80 250.333333333 169.666666667
10.0,73,0.2962962962963,183.3333333333212,1.0,80.3333333333 250.666666667 169
10.0,74,0.5185185185185175,186.66666666665435,1.0,80.6666666667 250.333333333 169
10.0,75,0.2962962962962952,189.9999999999875,1.0,80.6666666667 250.333333333 169
10.0,76,0.4444444444444397,193.33333333332064,0.6666666666666856,80.3333333333 250.333333333 169.333333333
10.0,77,0.2962962962962952,196.66666666665378,0.3333333333333428,80 250.333333333 169.666666667
10.0,78,0.2962962962962952,199.99999999998693,0.3333333333333428,80 250.333333333 169.666666667
10.0,79,0.2962962962962984,196.6666666666532,0.33333333333337123,80 249.666666667 170.333333333
10.0,80,0.2962962962962952,189.99999999998636,1.0,79.6666666667 249.333333333 171
10.0,81,0.5185185185185222,186.66666666665265,1.0,79.3333333333 249.666666667 171
10.0,82,0.2962962962963,183.33333333331893,1.0,79.3333333333 249.666666667 171
10.0,83,0.44444444444445075,179.99999999998522,0.6666666666666572,79.6666666667 249.666666667 170.666666667
10.0,84,0.2962962962962984,176.6666666666515,0.33333333333337123,80 249.666666667 170.333333333
10.0,85,0.2962962962962984,173.3333333333178,0.33333333333337123,80 249.666666667 170.333333333
10.0,86,0.2962962962962952,176.66666666665094,0.3333333333333428,80 250.333333333 169.666666667
10.0,87,0.2962962962963,183.33333333331723,1.0,80.3333333333 250.666666667 169
10.0,88,0.5185185185185175,186.66666666665037,1.0,80.6666666667 250.333333333 169
10.0,89,0.2962962962962952,189.99999999998352,1.0,80.6666666667 250.333333333 169
10.0,90,0.4444444444444397,193.33333333331666,0.6666666666666856,80.3333333333 250.333333333 169.333333333
10.0,91,0.2962962962962952,196.6666666666498,0.3333333333333428,80 250.333333333 169.666666667
10.0,92,0.2962962962962952,199.99999999998295,0.3333333333333428,80 250.333333333 169.666666667
10.0,93,0.2962962962962984,196.66666666664923,0.33333333333337123,80 249.666666667 170.333333333
10.0,94,0.2962962962962952,189.99999999998238,1.0,79.6666666667 249.333333333 171
10.0,95,0.5185185185185222,186.66666666664867,1.0,79.3333333333 249.666666667 171
10.0,96,0.2962962962963,183.33333333331495,1.0,79.3333333333 249.666666667 171
10.0,97,0.44444444444445075,179.99999999998124,0.6666666666666572,79.6666666667 249.666666667 170.666666667
10.0,98,0.2962962962962984,176.66666666664753,0.33333333333337123,80 249.666666667 170.333333333
10.0,99,0.2962962962962984,173.33333333331382,0.33333333333337123,80 249.666666667 170.333333333
10.0,100,0.2962962962962952,176.66666666664696,0.3333333333333428,80 250.333333333 169.666666667
100.0,1,32.81481481481481,6666.666666666669,58.333333333333314,57.3333333333 308.333333333 134.333333333
100.0,2,31.851851851851855,200.00000000000637,56.66666666666663,58.3333333333 306.666666667 135
100.0,3,0.29629629629629445,200.00000000000637,55.0,59.6666666667 305 135.333333333
100.0,4,0.2962962962962952,266.6666666666749,53.333333333333314,61 303.333333333 135.666666667
100.0,5,0.29629629629629445,233.3333333333435,51.333333333333314,62.6666666667 301.333333333 136
100.0,6,0.2962962962962984,166.6666666666806,49.66666666666663,64 299.666666667 136.333333333
100.0,7,0.4444444444444444,233.3333333333194,49.0,65 299 136
100.0,8,0.2962962962962952,266.6666666666508,48.333333333333314,65.6666666667 298.333333333 136
100.0,9,0.0,266.6666666666508,48.0,66 298 136
100.0,10,0.2962962962962952,199.99999999998226,47.333333333333314,66.6666666667 297.333333333 136
100.0,11,0.0,199.99999999998226,47.0,67 297 136
100.0,12,0.0,199.99999999998226,47.0,67 297 136
100.0,13,0.0,199.99999999998226,47.0,67 297 136
100.0,14,0.0,199.99999999998226,47.0,67 297 136
100.0,15,0.0,199.99999999998226,47.0,67 297 136
100.0,16,0.0,199.99999999998226,47.0,67 297 136
100.0,17,0.0,199.99999999998226,47.0,67 297 136
100.0,18,0.0,199.99999999998226,47.0,67 297 136
100.0,19,0.0,199.99999999998226,47.0,67 297 136
100.0,20,0.0,199.99999999998226,47.0,67 297 136
100.0,21,0.0,199.99999999998226,47.0,67 297 136
100.0,22,0.0,199.99999999998226,47.0,67 297 136
100.0,23,0.0,199.99999999998226,47.0,67 297 136
100.0,24,0.0,199.99999999998226,47.0,67 297 136
100.0,25,0.0,199.99999999998226,47.0,67 297 136
100.0,26,0.0,199.99999999998226,47.0,67 297 136
100.0,27,0.0,199.99999999998226,47.0,67 297 136
100.0,28,0.0,199.99999999998226,47.0,67 297 136
100.0,29,0.0,199.99999999998226,47.0,67 297 136
100.0,30,0.0,199.99999999998226,47.0,67 297 136
100.0,31,0.0,199.99999999998226,47.0,67 297 136
100.0,32,0.0,199.99999999998226,47.0,67 297 136
100.0,33,0.0,199.99999999998226,47.0,67 297 136
100.0,34,0.0,199.99999999998226,47.0,67 297 136
100.0,35,0.0,199.99999999998226,47.0,67 297 136
100.0,36,0.0,199.99999999998226,47.0,67 297 136
100.0,37,0.0,199.99999999998226,47.0,67 297 136
100.0,38,0.0,199.99999999998226,47.0,67 297 136
100.0,39,0.0,199.99999999998226,47.0,67 297 136
100.0,40,0.0,199.99999999998226,47.0,67 297 136
100.0,41,0.0,199.99999999998226,47.0,67 297 136
100.0,42,0.0,199.99999999998226,47.0,67 297 136
100.0,43,0.0,199.99999999998226,47.0,67 297 136
100.0,44,0.0,199.99999999998226,47.0,67 297 136
100.0,45,0.0,199.99999999998226,47.0,67 297 136
100.0,46,0.0,199.99999999998226,47.0,67 297 136
100.0,47,0.0,199.99999999998226,47.0,67 297 136
100.0,48,0.0,199.99999999998226,47.0,67 297 136
100.0,49,0.0,199.99999999998226,47.0,67 297 136
100.0,50,0.0,199.99999999998226,47.0,67 297 136
100.0,51,0.0,199.99999999998226,47.0,67 297 136
100.0,52,0.0,199.99999999998226,47.0,67 297 136
100.0,53,0.0,199.99999999998226,47.0,67 297 136
100.0,54,0.0,199.99999999998226,47.0,67 297 136
100.0,55,0.0,199.99999999998226,47.0,67 297 136
100.0,56,0.0,199.99999999998226,47.0,67 297 136
100.0,57,0.0,199.99999999998226,47.0,67 297 136
100.0,58,0.0,199.99999999998226,47.0,67 297 136
100.0,59,0.0,199.99999999998226,47.0,67 297 136
100.0,60,0.0,199.99999999998226,47.0,67 297 136
100.0,61,0.0,199.99999999998226,47.0,67 297 136
100.0,62,0.0,199.99999999998226,47.0,67 297 136
100.0,63,0.0,199.99999999998226,47.0,67 297 136
100.0,64,0.0,199.99999999998226,47.0,67 297 136
100.0,65,0.0,199.99999999998226,47.0,67 297 136
100.0,66,0.0,199.99999999998226,47.0,67 297 136
100.0,67,0.0,199.99999999998226,47.0,67 297 136
100.0,68,0.0,199.99999999998226,47.0,67 297 136
100.0,69,0.0,199.99999999998226,47.0,67 297 136
100.0,70,0.0,199.99999999998226,47.0,67 297 136
100.0,71,0.0,199.99999999998226,47.0,67 297 136
100.0,72,0.0,199.99999999998226,47.0,67 297 136
100.0,73,0.0,199.99999999998226,47.0,67 297 136
100.0,74,0.0,199.99999999998226,47.0,67 297 136
100.0,75,0.0,199.99999999998226,47.0,67 297 136
100.0,76,0.0,199.99999999998226,47.0,67 297 136
100.0,77,0.0,199.99999999998226,47.0,67 297 136
100.0,78,0.0,199.99999999998226,47.0,67 297 136
100.0,79,0.0,199.99999999998226,47.0,67 297 136
100.0,80,0.0,199.99999999998226,47.0,67 297 136
100.0,81,0.0,199.99999999998226,47.0,67 297 136
100.0,82,0.0,199.99999999998226,47.0,67 297 136
100.0,83,0.0,199.99999999998226,47.0,67 297 136
100.0,84,0.0,199.99999999998226,47.0,67 297 136
100.0,85,0.0,199.99999999998226,47.0,67 297 136
100.0,86,0.0,199.99999999998226,47.0,67 297 136
100.0,87,0.0,199.99999999998226,47.0,67 297 136
100.0,88,0.0,199.99999999998226,47.0,67 297 136
100.0,89,0.0,199.99999999998226,47.0,67 297 136
100.0,90,0.0,199.99999999998226,47.0,67 297 136
100.0,91,0.0,199.99999999998226,47.0,67 297 136
100.0,92,0.0,199.99999999998226,47.0,67 297 136
100.0,93,0.0,199.99999999998226,47.0,67 297 136
100.0,94,0.0,199.99999999998226,47.0,67 297 136
100.0,95,0.0,199.99999999998226,47.0,67 297 136
100.0,96,0.0,199.99999999998226,47.0,67 297 136
100.0,97,0.0,199.99999999998226,47.0,67 297 136
100.0,98,0.0,199.99999999998226,47.0,67 297 136
100.0,99,0.0,199.99999999998226,47.0,67 297 136
100.0,100,0.0,199.99999999998226,47.0,67 297 136
1000.0,1,32.81481481481481,66666.66666666669,58.333333333333314,57.3333333333 308.333333333 134.333333333
1000.0,2,32.666666666666664,666.6666666666788,58.333333333333314,57 308.333333333 134.666666667
1000.0,3,0.29629629629629445,5.775291356258094e-11,58.333333333333314,56.6666666667 308.333333333 135
1000.0,4,0.0,5.775291356258094e-11,58.0,57 308 135
1000.0,5,0.0,5.775291356258094e-11,58.0,57 308 135
1000.0,6,0.0,5.775291356258094e-11,58.0,57 308 135
1000.0,7,0.0,5.775291356258094e-11,58.0,57 308 135
1000.0,8,0.0,5.775291356258094e-11,58.0,57 308 135
1000.0,9,0.0,5.775291356258094e-11,58.0,57 308 135
1000.0,10,0.0,5.775291356258094e-11,58.0,57 308 135
1000.0,11,0.0,5.775291356258094e-11,58.0,57 308 135
1000.0,12,0.0,5.775291356258094e-11,58.0,57 308 135
1000.0,13,0.0,5.775291356258094e-11,58.0,57 308 135
1000.0,14,0.0,5.775291356258094e-11,58.0,57 308 135
1000.0,15,0.0,5.775291356258094e-11,58.0,57 308 135
1000.0,16,0.0,5.775291356258094e-11,58.0,57 308 135
1000.0,17,0.0,5.775291356258094e-11,58.0,57 308 135
1000.0,18,0.0,5.775291356258094e-11,58.0,57 308 135
1000.0,19,0.0,5.775291356258094e-11,58.0,57 308 135
1000.0,20,0.0,5.775291356258094e-11,58.0,57 308 135
1000.0,21,0.0,5.775291356258094e-11,58.0,57 308 135
1000.0,22,0.0,5.775291356258094e-11,58.0,57 308 135
1000.0,23,0.0,5.775291356258094e-11,58.0,57 308 135
1000.0,24,0.0,5.775291356258094e-11,58.0,57 308 135
1000.0,25,0.0,5.775291356258094e-11,58.0,57 308 135
1000.0,26,0.0,5.775291356258094e-11,58.0,57 308 135
1000.0,27,0.0,5.775291356258094e-11,58.0,57 308 135
1000.0,28,0.0,5.775291356258094e-11,58.0,57 308 135
1000.0,29,0.0,5.775291356258094e-11,58.0,57 308 135
1000.0,30,0.0,5.775291356258094e-11,58.0,57 308 135
1000.0,31,0.0,5.775291356258094e-11,58.0,57 308 135
1000.0,32,0.0,5.775291356258094e-11,58.0,57 308 135
1000.0,33,0.0,5.775291356258094e-11,58.0,57 308 135
1000.0,34,0.0,5.775291356258094e-11,58.0,57 308 135
1000.0,35,0.0,5.775291356258094e-11,58.0,57 308 135
1000.0,36,0.0,5.775291356258094e-11,58.0,57 308 135
1000.0,37,0.0,5.775291356258094e-11,58.0,57 308 135
1000.0,38,0.0,5.775291356258094e-11,58.0,57 308 135
1000.0,39,0.0,5.775291356258094e-11,58.0,57 308 135
1000.0,40,0.0,5.775291356258094e-11,58.0,57 308 135
1000.0,41,0.0,5.775291356258094e-11,58.0,57 308 135
1000.0,42,0.0,5.775291356258094e-11,58.0,57 308 135
1000.0,43,0.0,5.775291356258094e-11,58.0,57 308 135
1000.0,44,0.0,5.775291356258094e-11,58.0,57 308 135
1000.0,45,0.0,5.775291356258094e-11,58.0,57 308 135
1000.0,46,0.0,5.775291356258094e-11,58.0,57 308 135
1000.0,47,0.0,5.775291356258094e-11,58.0,57 308 135
1000.0,48,0.0,5.775291356258094e-11,58.0,57 308 135
1000.0,49,0.0,5.775291356258094e-11,58.0,57 308 135
1000.0,50,0.0,5.775291356258094e-11,58.0,57 308 135
1000.0,51,0.0,5.775291356258094e-11,58.0,57 308 135
1000.0,52,0.0,5.775291356258094e-11,58.0,57 308 135
1000.0,53,0.0,5.775291356258094e-11,58.0,57 308 135
1000.0,54,0.0,5.775291356258094e-11,58.0,57 308 135
1000.0,55,0.0,5.775291356258094e-11,58.0,57 308 135
1000.0,56,0.0,5.775291356258094e-11,58.0,57 308 135
1000.0,57,0.0,5.775291356258094e-11,58.0,57 308 135
1000.0,58,0.0,5.775291356258094e-11,58.0,57 308 135
1000.0,59,0.0,5.775291356258094e-11,58.0,57 308 135
1000.0,60,0.0,5.775291356258094e-11,58.0,57 308 135
1000.0,61,0.0,5.775291356258094e-11,58.0,57 308 135
1000.0,62,0.0,5.775291356258094e-11,58.0,57 308 135
1000.0,63,0.0,5.775291356258094e-11,58.0,57 308 135
1000.0,64,0.0,5.775291356258094e-11,58.0,57 308 135
1000.0,65,0.0,5.775291356258094e-11,58.0,57 308 135
1000.0,66,0.0,5.775291356258094e-11,58.0,57 308 135
1000.0,67,0.0,5.775291356258094e-11,58.0,57 308 135
1000.0,68,0.0,5.775291356258094e-11,58.0,57 308 135
1000.0,69,0.0,5.775291356258094e-11,58.0,57 308 135
1000.0,70,0.0,5.775291356258094e-11,58.0,57 308 135
1000.0,71,0.0,5.775291356258094e-11,58.0,57 308 135
1000.0,72,0.0,5.775291356258094e-11,58.0,57 308 135
1000.0,73,0.0,5.775291356258094e-11,58.0,57 308 135
1000.0,74,0.0,5.775291356258094e-11,58.0,57 308 135
1000.0,75,0.0,5.775291356258094e-11,58.0,57 308 135
1000.0,76,0.0,5.775291356258094e-11,58.0,57 308 135
1000.0,77,0.0,5.775291356258094e-11,58.0,57 308 135
1000.0,78,0.0,5.775291356258094e-11,58.0,57 308 135
1000.0,79,0.0,5.775291356258094e-11,58.0,57 308 135
1000.0,80,0.0,5.775291356258094e-11,58.0,57 308 135
1000.0,81,0.0,5.775291356258094e-11,58.0,57 308 135
1000.0,82,0.0,5.775291356258094e-11,58.0,57 308 135
1000.0,83,0.0,5.775291356258094e-11,58.0,57 308 135
1000.0,84,0.0,5.775291356258094e-11,58.0,57 308 135
1000.0,85,0.0,5.775291356258094e-11,58.0,57 308 135
1000.0,86,0.0,5.775291356258094e-11,58.0,57 308 135
1000.0,87,0.0,5.775291356258094e-11,58.0,57 308 135
1000.0,88,0.0,5.775291356258094e-11,58.0,57 308 135
1000.0,89,0.0,5.775291356258094e-11,58.0,57 308 135
1000.0,90,0.0,5.775291356258094e-11,58.0,57 308 135
1000.0,91,0.0,5.775291356258094e-11,58.0,57 308 135
1000.0,92,0.0,5.775291356258094e-11,58.0,57 308 135
1000.0,93,0.0,5.775291356258094e-11,58.0,57 308 135
1000.0,94,0.0,5.775291356258094e-11,58.0,57 308 135
1000.0,95,0.0,5.775291356258094e-11,58.0,57 308 135
1000.0,96,0.0,5.775291356258094e-11,58.0,57 308 135
1000.0,97,0.0,5.775291356258094e-11,58.0,57 308 135
1000.0,98,0.0,5.775291356258094e-11,58.0,57 308 135
1000.0,99,0.0,5.775291356258094e-11,58.0,57 308 135
1000.0,100,0.0,5.775291356258094e-11,58.0,57 308 135
10000.0,1,32.81481481481481,666666.6666666669,58.333333333333314,57.3333333333 308.333333333 134.333333333
10000.0,2,32.81481481481482,5.820766091346741e-10,58.66666666666663,56.6666666667 308.666666667 134.666666667
10000.0,3,0.2962962962962952,6666.666666667438,58.333333333333314,57 308.333333333 134.666666667
10000.0,4,0.2962962962962984,1.1505107977427542e-09,58.66666666666663,57 308.666666667 134.333333333
10000.0,5,0.0,1.1505107977427542e-09,59.0,57 309 134
10000.0,6,0.0,1.1505107977427542e-09,59.0,57 309 134
10000.0,7,0.0,1.1505107977427542e-09,59.0,57 309 134
10000.0,8,0.0,1.1505107977427542e-09,59.0,57 309 134
10000.0,9,0.0,1.1505107977427542e-09,59.0,57 309 134
10000.0,10,0.0,1.1505107977427542e-09,59.0,57 309 134
10000.0,11,0.0,1.1505107977427542e-09,59.0,57 309 134
10000.0,12,0.0,1.1505107977427542e-09,59.0,57 309 134
10000.0,13,0.0,1.1505107977427542e-09,59.0,57 309 134
10000.0,14,0.0,1.1505107977427542e-09,59.0,57 309 134
10000.0,15,0.0,1.1505107977427542e-09,59.0,57 309 134
10000.0,16,0.0,1.1505107977427542e-09,59.0,57 309 134
10000.0,17,0.0,1.1505107977427542e-09,59.0,57 309 134
10000.0,18,0.0,1.1505107977427542e-09,59.0,57 309 134
10000.0,19,0.0,1.1505107977427542e-09,59.0,57 309 134
10000.0,20,0.0,1.1505107977427542e-09,59.0,57 309 134
10000.0,21,0.0,1.1505107977427542e-09,59.0,57 309 134
10000.0,22,0.0,1.1505107977427542e-09,59.0,57 309 134
10000.0,23,0.0,1.1505107977427542e-09,59.0,57 309 134
10000.0,24,0.0,1.1505107977427542e-09,59.0,57 309 134
10000.0,25,0.0,1.1505107977427542e-09,59.0,57 309 134
10000.0,26,0.0,1.1505107977427542e-09,59.0,57 309 134
10000.0,27,0.0,1.1505107977427542e-09,59.0,57 309 134
10000.0,28,0.0,1.1505107977427542e-09,59.0,57 309 134
10000.0,29,0.0,1.1505107977427542e-09,59.0,57 309 134
10000.0,30,0.0,1.1505107977427542e-09,59.0,57 309 134
10000.0,31,0.0,1.1505107977427542e-09,59.0,57 309 134
10000.0,32,0.0,1.1505107977427542e-09,59.0,57 309 134
10000.0,33,0.0,1.1505107977427542e-09,59.0,57 309 134
10000.0,34,0.0,1.1505107977427542e-09,59.0,57 309 134
10000.0,35,0.0,1.1505107977427542e-09,59.0,57 309 134
10000.0,36,0.0,1.1505107977427542e-09,59.0,57 309 134
10000.0,37,0.0,1.1505107977427542e-09,59.0,57 309 134
10000.0,38,0.0,1.1505107977427542e-09,59.0,57 309 134
10000.0,39,0.0,1.1505107977427542e-09,59.0,57 309 134
10000.0,40,0.0,1.1505107977427542e-09,59.0,57 309 134
10000.0,41,0.0,1.1505107977427542e-09,59.0,57 309 134
10000.0,42,0.0,1.1505107977427542e-09,59.0,57 309 134
10000.0,43,0.0,1.1505107977427542e-09,59.0,57 309 134
10000.0,44,0.0,1.1505107977427542e-09,59.0,57 309 134
10000.0,45,0.0,1.1505107977427542e-09,59.0,57 309 134
10000.0,46,0.0,1.1505107977427542e-09,59.0,57 309 134
10000.0,47,0.0,1.1505107977427542e-09,59.0,57 309 134
10000.0,48,0.0,1.1505107977427542e-09,59.0,57 309 134
10000.0,49,0.0,1.1505107977427542e-09,59.0,57 309 134
10000.0,50,0.0,1.1505107977427542e-09,59.0,57 309 134
10000.0,51,0.0,1.1505107977427542e-09,59.0,57 309 134
10000.0,52,0.0,1.1505107977427542e-09,59.0,57 309 134
10000.0,53,0.0,1.1505107977427542e-09,59.0,57 309 134
10000.0,54,0.0,1.1505107977427542e-09,59.0,57 309 134
10000.0,55,0.0,1.1505107977427542e-09,59.0,57 309 134
10000.0,56,0.0,1.1505107977427542e-09,59.0,57 309 134
10000.0,57,0.0,1.1505107977427542e-09,59.0,57 309 134
10000.0,58,0.0,1.1505107977427542e-09,59.0,57 309 134
10000.0,59,0.0,1.1505107977427542e-09,59.0,57 309 134
10000.0,60,0.0,1.1505107977427542e-09,59.0,57 309 134
10000.0,61,0.0,1.1505107977427542e-09,59.0,57 309 134
10000.0,62,0.0,1.1505107977427542e-09,59.0,57 309 134
10000.0,63,0.0,1.1505107977427542e-09,59.0,57 309 134
10000.0,64,0.0,1.1505107977427542e-09,59.0,57 309 134
10000.0,65,0.0,1.1505107977427542e-09,59.0,57 309 134
10000.0,66,0.0,1.1505107977427542e-09,59.0,57 309 134
10000.0,67,0.0,1.1505107977427542e-09,59.0,57 309 134
10000.0,68,0.0,1.1505107977427542e-09,59.0,57 309 134
10000.0,69,0.0,1.1505107977427542e-09,59.0,57 309 134
10000.0,70,0.0,1.1505107977427542e-09,59.0,57 309 134
10000.0,71,0.0,1.1505107977427542e-09,59.0,57 309 134
10000.0,72,0.0,1.1505107977427542e-09,59.0,57 309 134
10000.0,73,0.0,1.1505107977427542e-09,59.0,57 309 134
10000.0,74,0.0,1.1505107977427542e-09,59.0,57 309 134
10000.0,75,0.0,1.1505107977427542e-09,59.0,57 309 134
10000.0,76,0.0,1.1505107977427542e-09,59.0,57 309 134
10000.0,77,0.0,1.1505107977427542e-09,59.0,57 309 134
10000.0,78,0.0,1.1505107977427542e-09,59.0,57 309 134
10000.0,79,0.0,1.1505107977427542e-09,59.0,57 309 134
10000.0,80,0.0,1.1505107977427542e-09,59.0,57 309 134
10000.0,81,0.0,1.1505107977427542e-09,59.0,57 309 134
10000.0,82,0.0,1.1505107977427542e-09,59.0,57 309 134
10000.0,83,0.0,1.1505107977427542e-09,59.0,57 309 134
10000.0,84,0.0,1.1505107977427542e-09,59.0,57 309 134
10000.0,85,0.0,1.1505107977427542e-09,59.0,57 309 134
10000.0,86,0.0,1.1505107977427542e-09,59.0,57 309 134
10000.0,87,0.0,1.1505107977427542e-09,59.0,57 309 134
10000.0,88,0.0,1.1505107977427542e-09,59.0,57 309 134
10000.0,89,0.0,1.1505107977427542e-09,59.0,57 309 134
10000.0,90,0.0,1.1505107977427542e-09,59.0,57 309 134
10000.0,91,0.0,1.1505107977427542e-09,59.0,57 309 134
10000.0,92,0.0,1.1505107977427542e-09,59.0,57 309 134
10000.0,93,0.0,1.1505107977427542e-09,59.0,57 309 134
10000.0,94,0.0,1.1505107977427542e-09,59.0,57 309 134
10000.0,95,0.0,1.1505107977427542e-09,59.0,57 309 134
10000.0,96,0.0,1.1505107977427542e-09,59.0,57 309 134
10000.0,97,0.0,1.1505107977427542e-09,59.0,57 309 134
10000.0,98,0.0,1.1505107977427542e-09,59.0,57 309 134
10000.0,99,0.0,1.1505107977427542e-09,59.0,57 309 134
10000.0,100,0.0,1.1505107977427542e-09,59.0,57 309 134
100000.0,1,32.81481481481481,6666666.666666669,58.333333333333314,57.3333333333 308.333333333 134.333333333
100000.0,2,32.81481481481482,5.704350769519806e-09,58.66666666666663,56.6666666667 308.666666667 134.666666667
100000.0,3,0.2962962962962952,66666.66666667415,58.333333333333314,57 308.333333333 134.666666667
100000.0,4,0.2962962962962984,1.1394149623811245e-08,58.66666666666663,57 308.666666667 134.333333333
100000.0,5,0.0,1.1394149623811245e-08,59.0,57 309 134
100000.0,6,0.0,1.1394149623811245e-08,59.0,57 309 134
100000.0,7,0.0,1.1394149623811245e-08,59.0,57 309 134
100000.0,8,0.0,1.1394149623811245e-08,59.0,57 309 134
100000.0,9,0.0,1.1394149623811245e-08,59.0,57 309 134
100000.0,10,0.0,1.1394149623811245e-08,59.0,57 309 134
100000.0,11,0.0,1.1394149623811245e-08,59.0,57 309 134
100000.0,12,0.0,1.1394149623811245e-08,59.0,57 309 134
100000.0,13,0.0,1.1394149623811245e-08,59.0,57 309 134
100000.0,14,0.0,1.1394149623811245e-08,59.0,57 309 134
100000.0,15,0.0,1.1394149623811245e-08,59.0,57 309 134
100000.0,16,0.0,1.1394149623811245e-08,59.0,57 309 134
100000.0,17,0.0,1.1394149623811245e-08,59.0,57 309 134
100000.0,18,0.0,1.1394149623811245e-08,59.0,57 309 134
100000.0,19,0.0,1.1394149623811245e-08,59.0,57 309 134
100000.0,20,0.0,1.1394149623811245e-08,59.0,57 309 134
100000.0,21,0.0,1.1394149623811245e-08,59.0,57 309 134
100000.0,22,0.0,1.1394149623811245e-08,59.0,57 309 134
100000.0,23,0.0,1.1394149623811245e-08,59.0,57 309 134
100000.0,24,0.0,1.1394149623811245e-08,59.0,57 309 134
100000.0,25,0.0,1.1394149623811245e-08,59.0,57 309 134
100000.0,26,0.0,1.1394149623811245e-08,59.0,57 309 134
100000.0,27,0.0,1.1394149623811245e-08,59.0,57 309 134
100000.0,28,0.0,1.1394149623811245e-08,59.0,57 309 134
100000.0,29,0.0,1.1394149623811245e-08,59.0,57 309 134
100000.0,30,0.0,1.1394149623811245e-08,59.0,57 309 134
100000.0,31,0.0,1.1394149623811245e-08,59.0,57 309 134
100000.0,32,0.0,1.1394149623811245e-08,59.0,57 309 134
100000.0,33,0.0,1.1394149623811245e-08,59.0,57 309 134
100000.0,34,0.0,1.1394149623811245e-08,59.0,57 309 134
100000.0,35,0.0,1.1394149623811245e-08,59.0,57 309 134
100000.0,36,0.0,1.1394149623811245e-08,59.0,57 309 134
100000.0,37,0.0,1.1394149623811245e-08,59.0,57 309 134
100000.0,38,0.0,1.1394149623811245e-08,59.0,57 309 134
100000.0,39,0.0,1.1394149623811245e-08,59.0,57 309 134
100000.0,40,0.0,1.1394149623811245e-08,59.0,57 309 134
100000.0,41,0.0,1.1394149623811245e-08,59.0,57 309 134
100000.0,42,0.0,1.1394149623811245e-08,59.0,57 309 134
100000.0,43,0.0,1.1394149623811245e-08,59.0,57 309 134
100000.0,44,0.0,1.1394149623811245e-08,59.0,57 309 134
100000.0,45,0.0,1.1394149623811245e-08,59.0,57 309 134
100000.0,46,0.0,1.1394149623811245e-08,59.0,57 309 134
100000.0,47,0.0,1.1394149623811245e-08,59.0,57 309 134
100000.0,48,0.0,1.1394149623811245e-08,59.0,57 309 134
100000.0,49,0.0,1.1394149623811245e-08,59.0,57 309 134
100000.0,50,0.0,1.1394149623811245e-08,59.0,57 309 134
100000.0,51,0.0,1.1394149623811245e-08,59.0,57 309 134
100000.0,52,0.0,1.1394149623811245e-08,59.0,57 309 134
100000.0,53,0.0,1.1394149623811245e-08,59.0,57 309 134
100000.0,54,0.0,1.1394149623811245e-08,59.0,57 309 134
100000.0,55,0.0,1.1394149623811245e-08,59.0,57 309 134
100000.0,56,0.0,1.1394149623811245e-08,59.0,57 309 134
100000.0,57,0.0,1.1394149623811245e-08,59.0,57 309 134
100000.0,58,0.0,1.1394149623811245e-08,59.0,57 309 134
100000.0,59,0.0,1.1394149623811245e-08,59.0,57 309 134
100000.0,60,0.0,1.1394149623811245e-08,59.0,57 309 134
100000.0,61,0.0,1.1394149623811245e-08,59.0,57 309 134
100000.0,62,0.0,1.1394149623811245e-08,59.0,57 309 134
100000.0,63,0.0,1.1394149623811245e-08,59.0,57 309 134
100000.0,64,0.0,1.1394149623811245e-08,59.0,57 309 134
100000.0,65,0.0,1.1394149623811245e-08,59.0,57 309 134
100000.0,66,0.0,1.1394149623811245e-08,59.0,57 309 134
100000.0,67,0.0,1.1394149623811245e-08,59.0,57 309 134
100000.0,68,0.0,1.1394149623811245e-08,59.0,57 309 134
100000.0,69,0.0,1.1394149623811245e-08,59.0,57 309 134
100000.0,70,0.0,1.1394149623811245e-08,59.0,57 309 134
100000.0,71,0.0,1.1394149623811245e-08,59.0,57 309 134
100000.0,72,0.0,1.1394149623811245e-08,59.0,57 309 134
100000.0,73,0.0,1.1394149623811245e-08,59.0,57 309 134
100000.0,74,0.0,1.1394149623811245e-08,59.0,57 309 134
100000.0,75,0.0,1.1394149623811245e-08,59.0,57 309 134
100000.0,76,0.0,1.1394149623811245e-08,59.0,57 309 134
100000.0,77,0.0,1.1394149623811245e-08,59.0,57 309 134
100000.0,78,0.0,1.1394149623811245e-08,59.0,57 309 134
100000.0,79,0.0,1.1394149623811245e-08,59.0,57 309 134
100000.0,80,0.0,1.1394149623811245e-08,59.0,57 309 134
100000.0,81,0.0,1.1394149623811245e-08,59.0,57 309 134
100000.0,82,0.0,1.1394149623811245e-08,59.0,57 309 134
100000.0,83,0.0,1.1394149623811245e-08,59.0,57 309 134
100000.0,84,0.0,1.1394149623811245e-08,59.0,57 309 134
100000.0,85,0.0,1.1394149623811245e-08,59.0,57 309 134
100000.0,86,0.0,1.1394149623811245e-08,59.0,57 309 134
100000.0,87,0.0,1.1394149623811245e-08,59.0,57 309 134
100000.0,88,0.0,1.1394149623811245e-08,59.0,57 309 134
100000.0,89,0.0,1.1394149623811245e-08,59.0,57 309 134
100000.0,90,0.0,1.1394149623811245e-08,59.0,57 309 134
100000.0,91,0.0,1.1394149623811245e-08,59.0,57 309 134
100000.0,92,0.0,1.1394149623811245e-08,59.0,57 309 134
100000.0,93,0.0,1.1394149623811245e-08,59.0,57 309 134
100000.0,94,0.0,1.1394149623811245e-08,59.0,57 309 134
100000.0,95,0.0,1.1394149623811245e-08,59.0,57 309 134
100000.0,96,0.0,1.1394149623811245e-08,59.0,57 309 134
100000.0,97,0.0,1.1394149623811245e-08,59.0,57 309 134
100000.0,98,0.0,1.1394149623811245e-08,59.0,57 309 134
100000.0,99,0.0,1.1394149623811245e-08,59.0,57 309 134
100000.0,100,0.0,1.1394149623811245e-08,59.0,57 309 134
1000000.0,1,32.81481481481481,66666666.66666669,58.333333333333314,57.3333333333 308.333333333 134.333333333
1000000.0,2,32.81481481481482,5.960464477539063e-08,58.66666666666663,56.6666666667 308.666666667 134.666666667
1000000.0,3,0.2962962962962952,666666.6666667452,58.333333333333314,57 308.333333333 134.666666667
1000000.0,4,0.2962962962962984,1.1641532182693481e-07,58.66666666666663,57 308.666666667 134.333333333
1000000.0,5,0.0,1.1641532182693481e-07,59.0,57 309 134
1000000.0,6,0.0,1.1641532182693481e-07,59.0,57 309 134
1000000.0,7,0.0,1.1641532182693481e-07,59.0,57 309 134
1000000.0,8,0.0,1.1641532182693481e-07,59.0,57 309 134
1000000.0,9,0.0,1.1641532182693481e-07,59.0,57 309 134
1000000.0,10,0.0,1.1641532182693481e-07,59.0,57 309 134
1000000.0,11,0.0,1.1641532182693481e-07,59.0,57 309 134
1000000.0,12,0.0,1.1641532182693481e-07,59.0,57 309 134
1000000.0,13,0.0,1.1641532182693481e-07,59.0,57 309 134
1000000.0,14,0.0,1.1641532182693481e-07,59.0,57 309 134
1000000.0,15,0.0,1.1641532182693481e-07,59.0,57 309 134
1000000.0,16,0.0,1.1641532182693481e-07,59.0,57 309 134
1000000.0,17,0.0,1.1641532182693481e-07,59.0,57 309 134
1000000.0,18,0.0,1.1641532182693481e-07,59.0,57 309 134
1000000.0,19,0.0,1.1641532182693481e-07,59.0,57 309 134
1000000.0,20,0.0,1.1641532182693481e-07,59.0,57 309 134
1000000.0,21,0.0,1.1641532182693481e-07,59.0,57 309 134
1000000.0,22,0.0,1.1641532182693481e-07,59.0,57 309 134
1000000.0,23,0.0,1.1641532182693481e-07,59.0,57 309 134
1000000.0,24,0.0,1.1641532182693481e-07,59.0,57 309 134
1000000.0,25,0.0,1.1641532182693481e-07,59.0,57 309 134
1000000.0,26,0.0,1.1641532182693481e-07,59.0,57 309 134
1000000.0,27,0.0,1.1641532182693481e-07,59.0,57 309 134
1000000.0,28,0.0,1.1641532182693481e-07,59.0,57 309 134
1000000.0,29,0.0,1.1641532182693481e-07,59.0,57 309 134
1000000.0,30,0.0,1.1641532182693481e-07,59.0,57 309 134
1000000.0,31,0.0,1.1641532182693481e-07,59.0,57 309 134
1000000.0,32,0.0,1.1641532182693481e-07,59.0,57 309 134
1000000.0,33,0.0,1.1641532182693481e-07,59.0,57 309 134
1000000.0,34,0.0,1.1641532182693481e-07,59.0,57 309 134
1000000.0,35,0.0,1.1641532182693481e-07,59.0,57 309 134
1000000.0,36,0.0,1.1641532182693481e-07,59.0,57 309 134
1000000.0,37,0.0,1.1641532182693481e-07,59.0,57 309 134
1000000.0,38,0.0,1.1641532182693481e-07,59.0,57 309 134
1000000.0,39,0.0,1.1641532182693481e-07,59.0,57 309 134
1000000.0,40,0.0,1.1641532182693481e-07,59.0,57 309 134
1000000.0,41,0.0,1.1641532182693481e-07,59.0,57 309 134
1000000.0,42,0.0,1.1641532182693481e-07,59.0,57 309 134
1000000.0,43,0.0,1.1641532182693481e-07,59.0,57 309 134
1000000.0,44,0.0,1.1641532182693481e-07,59.0,57 309 134
1000000.0,45,0.0,1.1641532182693481e-07,59.0,57 309 134
1000000.0,46,0.0,1.1641532182693481e-07,59.0,57 309 134
1000000.0,47,0.0,1.1641532182693481e-07,59.0,57 309 134
1000000.0,48,0.0,1.1641532182693481e-07,59.0,57 309 134
1000000.0,49,0.0,1.1641532182693481e-07,59.0,57 309 134
1000000.0,50,0.0,1.1641532182693481e-07,59.0,57 309 134
1000000.0,51,0.0,1.1641532182693481e-07,59.0,57 309 134
1000000.0,52,0.0,1.1641532182693481e-07,59.0,57 309 134
1000000.0,53,0.0,1.1641532182693481e-07,59.0,57 309 134
1000000.0,54,0.0,1.1641532182693481e-07,59.0,57 309 134
1000000.0,55,0.0,1.1641532182693481e-07,59.0,57 309 134
1000000.0,56,0.0,1.1641532182693481e-07,59.0,57 309 134
1000000.0,57,0.0,1.1641532182693481e-07,59.0,57 309 134
1000000.0,58,0.0,1.1641532182693481e-07,59.0,57 309 134
1000000.0,59,0.0,1.1641532182693481e-07,59.0,57 309 134
1000000.0,60,0.0,1.1641532182693481e-07,59.0,57 309 134
1000000.0,61,0.0,1.1641532182693481e-07,59.0,57 309 134
1000000.0,62,0.0,1.1641532182693481e-07,59.0,57 309 134
1000000.0,63,0.0,1.1641532182693481e-07,59.0,57 309 134
1000000.0,64,0.0,1.1641532182693481e-07,59.0,57 309 134
1000000.0,65,0.0,1.1641532182693481e-07,59.0,57 309 134
1000000.0,66,0.0,1.1641532182693481e-07,59.0,57 309 134
1000000.0,67,0.0,1.1641532182693481e-07,59.0,57 309 134
1000000.0,68,0.0,1.1641532182693481e-07,59.0,57 309 134
1000000.0,69,0.0,1.1641532182693481e-07,59.0,57 309 134
1000000.0,70,0.0,1.1641532182693481e-07,59.0,57 309 134
1000000.0,71,0.0,1.1641532182693481e-07,59.0,57 309 134
1000000.0,72,0.0,1.1641532182693481e-07,59.0,57 309 134
1000000.0,73,0.0,1.1641532182693481e-07,59.0,57 309 134
1000000.0,74,0.0,1.1641532182693481e-07,59.0,57 309 134
1000000.0,75,0.0,1.1641532182693481e-07,59.0,57 309 134
1000000.0,76,0.0,1.1641532182693481e-07,59.0,57 309 134
1000000.0,77,0.0,1.1641532182693481e-07,59.0,57 309 134
1000000.0,78,0.0,1.1641532182693481e-07,59.0,57 309 134
1000000.0,79,0.0,1.1641532182693481e-07,59.0,57 309 134
1000000.0,80,0.0,1.1641532182693481e-07,59.0,57 309 134
1000000.0,81,0.0,1.1641532182693481e-07,59.0,57 309 134
1000000.0,82,0.0,1.1641532182693481e-07,59.0,57 309 134
1000000.0,83,0.0,1.1641532182693481e-07,59.0,57 309 134
1000000.0,84,0.0,1.1641532182693481e-07,59.0,57 309 134
1000000.0,85,0.0,1.1641532182693481e-07,59.0,57 309 134
1000000.0,86,0.0,1.1641532182693481e-07,59.0,57 309 134
1000000.0,87,0.0,1.1641532182693481e-07,59.0,57 309 134
1000000.0,88,0.0,1.1641532182693481e-07,59.0,57 309 134
1000000.0,89,0.0,1.1641532182693481e-07,59.0,57 309 134
1000000.0,90,0.0,1.1641532182693481e-07,59.0,57 309 134
1000000.0,91,0.0,1.1641532182693481e-07,59.0,57 309 134
1000000.0,92,0.0,1.1641532182693481e-07,59.0,57 309 134
1000000.0,93,0.0,1.1641532182693481e-07,59.0,57 309 134
1000000.0,94,0.0,1.1641532182693481e-07,59.0,57 309 134
1000000.0,95,0.0,1.1641532182693481e-07,59.0,57 309 134
1000000.0,96,0.0,1.1641532182693481e-07,59.0,57 309 134
1000000.0,97,0.0,1.1641532182693481e-07,59.0,57 309 134
1000000.0,98,0.0,1.1641532182693481e-07,59.0,57 309 134
1000000.0,99,0.0,1.1641532182693481e-07,59.0,57 309 134
1000000.0,100,0.0,1.1641532182693481e-07,59.0,57 309 134
100000000.0,1,32.81481481481481,6666666666.666669,58.333333333333314,57.3333333333 308.333333333 134.333333333
100000000.0,2,32.81481481481482,5.7220458984375e-06,58.66666666666663,56.6666666667 308.666666667 134.666666667
100000000.0,3,0.2962962962962952,66666666.666674286,58.333333333333314,57 308.333333333 134.666666667
100000000.0,4,0.2962962962962984,1.1406838893890381e-05,58.66666666666663,57 308.666666667 134.333333333
100000000.0,5,0.0,1.1406838893890381e-05,59.0,57 309 134
100000000.0,6,1.0148148237792359e-06,228.33334586898854,58.999998276666645,57.0000014878 308.999998277 134.000000239
100000000.0,7,1.4123455906024498e-07,260.1111191706441,58.999996711111066,57.0000029744 308.999996711 134.000000318
100000000.0,8,1.9901235346095643e-07,215.33334692499193,58.99999511999988,57.0000044611 308.99999512 134.000000422
100000000.0,9,1.1753086129020731e-07,228.55557521502487,58.99999339666647,57.0000059478 308.999993397 134.000000659
100000000.0,10,2.921120135902634e-14,228.55557521502487,58.99999167333306,57.0000074344 308.999991673 134.000000896
100000000.0,11,0.0,228.55557521502487,59.0,57 309 134
100000000.0,12,1.578983857244667e-15,228.55557521502487,58.99999851555549,57.0000014878 308.999998516 134
100000000.0,13,1.578983857244667e-15,228.55557521502487,58.99999702888874,57.0000029744 308.999997029 134
100000000.0,14,7.012344680232572e-08,220.66668638394913,58.99999538444422,57.0000044611 308.999995384 134.000000158
100000000.0,15,1.2855966562912928e-07,218.03706435271306,58.99999376629597,57.0000059478 308.999993766 134.000000289
100000000.0,16,9.3497946964918e-08,228.55558089936676,58.9999920429625,57.0000074344 308.999992043 134.000000526
100000000.0,17,1.0263395072090336e-14,228.55558089936676,58.999990319629035,57.0000089211 308.99999032 134.000000763
100000000.0,18,3.157967714489334e-15,228.55558089936676,59.0,57 309 134.000000999
100000000.0,19,7.894919286223335e-16,228.55558089936676,58.999997944691245,57.0000011547 308.999997945 134.000000904
100000000.0,20,2.447424978729234e-14,228.55558658370865,58.99999622135772,57.0000026414 308.999996221 134.000001141
100000000.0,21,1.5000346643824338e-14,228.55558658370865,58.99999449802425,57.000004128 308.999994498 134.000001377
100000000.0,22,9.473903143468002e-15,228.55558658370865,58.99999277469078,57.0000056147 308.999992775 134.000001614
100000000.0,23,7.105427357601002e-15,228.55558658370865,58.99999105135731,57.0000071014 308.999991051 134.000001851
100000000.0,24,0.0,228.55558658370865,59.0,57 309 134
100000000.0,25,3.157967714489334e-15,228.55558658370865,58.99999851555543,57.0000014878 308.999998516 134
100000000.0,26,2.3684757858670005e-15,228.55558658370865,58.99999702888863,57.0000029744 308.999997029 134
100000000.0,27,2.3684757858670005e-15,228.55558658370865,58.99999554222188,57.0000044611 308.999995542 134
100000000.0,28,3.947459643111668e-15,228.55558658370865,58.99999405555508,57.0000059478 308.999994056 134
100000000.0,29,7.012349022438178e-08,236.44448109912628,58.999992489999386,57.0000074344 308.99999249 134.000000079
100000000.0,30,1.815831435831367e-14,236.44448678346816,58.99999108222153,57.0000089211 308.999991082 134
100000000.0,31,0.0,236.44448678346816,59.0,57 309 134
100000000.0,32,9.382719825781452e-08,215.3333639780176,58.999998409999876,57.0000014878 308.99999841 134.000000106
100000000.0,33,1.2098768564783313e-07,242.55559768967214,58.99999675666635,57.0000029744 308.999996757 134.000000272
100000000.0,34,6.222223526543127e-08,228.55559795239242,58.99999503333282,57.0000044611 308.999995033 134.000000509
100000000.0,35,6.315935428978668e-15,228.55559795239242,58.9999933099993,57.0000059478 308.99999331 134.000000746
100000000.0,36,7.105427357601002e-15,228.55559795239242,58.99999158666577,57.0000074344 308.999991587 134.000000982
100000000.0,37,0.0,228.55559795239242,59.0,57 309 134
100000000.0,38,7.045270677963344e-08,212.70374194678152,58.99999843629615,57.0000014878 308.999998436 134.000000079
100000000.0,39,9.377233093725106e-08,215.38275522466574,58.999996844691054,57.0000029744 308.999996845 134.000000184
100000000.0,40,1.5992689523298193e-07,218.91773944112356,58.999995217736114,57.0000044611 308.999995218 134.000000324
100000000.0,41,1.805457219777256e-07,259.5405306164612,58.999993649327166,57.0000059478 308.999993649 134.000000406
100000000.0,42,1.3771074710196748e-07,228.55561500541808,58.99999192599364,57.0000074344 308.999991926 134.000000643
100000000.0,43,3.0000693287648675e-14,228.5556093210762,58.99999020266006,57.0000089211 308.999990203 134.00000088
100000000.0,44,0.0,228.5556093210762,59.0,57 309 134
100000000.0,45,1.105288700071267e-14,228.5556093210762,58.999998515555376,57.0000014878 308.999998516 134
100000000.0,46,7.012348548743022e-08,212.7778316589247,58.99999694999963,57.0000029744 308.99999695 134.000000079
100000000.0,47,1.1687247949667936e-07,239.07413723641366,58.999995279258656,57.0000044611 308.999995279 134.000000263
100000000.0,48,4.674897032449129e-08,228.55562068975996,58.99999355592507,57.0000059478 308.999993556 134.0000005
100000000.0,49,2.447424978729234e-14,228.55561500541808,58.99999183259149,57.0000074344 308.999991833 134.000000736
100000000.0,50,2.210577400142534e-14,228.55562068975996,58.99999010925785,57.0000089211 308.999990109 134.000000973
100000000.0,51,0.0,228.55562068975996,59.0,57 309 134
100000000.0,52,7.045270441115765e-08,212.70375899980718,58.999998436296096,57.0000014878 308.999998436 134.000000079
100000000.0,53,1.1709194877893323e-07,239.04944445526053,58.99999676543166,57.0000029744 308.999996765 134.000000263
100000000.0,54,4.663924278879171e-08,228.55561500541808,58.99999504209808,57.0000044611 308.999995042 134.0000005
100000000.0,55,1.0263395072090336e-14,228.55561500541808,58.999993318764496,57.0000059478 308.999993319 134.000000737
100000000.0,56,3.0790185216271006e-14,228.55562637410185,58.999991595430856,57.0000074344 308.999991595 134.000000973
100000000.0,57,0.0,228.55562637410185,59.0,57 309 134
100000000.0,58,7.045270677963344e-08,212.70376468414906,58.999998436296096,57.0000014878 308.999998436 134.000000079
100000000.0,59,1.170919535158848e-07,225.87661309621762,58.99999689716003,57.0000029744 308.999996897 134.000000132
100000000.0,60,1.716689976344949e-07,245.18937497482693,58.99999534909398,57.0000044611 308.999995349 134.000000193
100000000.0,61,1.5331205815982685e-07,220.07139367992932,58.999993710602666,57.0000059478 308.999993711 134.000000345
100000000.0,62,7.541537883071214e-08,228.55562637410185,58.999991987269084,57.0000074344 308.999991987 134.000000582
100000000.0,63,2.0526790144180672e-14,228.55562637410185,58.9999902639355,57.0000089211 308.999990264 134.000000818
100000000.0,64,0.0,228.55562637410185,59.0,57 309 134
100000000.0,65,1.2631870857957336e-14,228.55562637410185,58.999998515555376,57.0000014878 308.999998516 134
100000000.0,66,9.473903143468002e-15,228.55562068975996,58.999997028888515,57.0000029744 308.999997029 134
100000000.0,67,2.3684757858670005e-15,228.55562068975996,58.999995542221654,57.0000044611 308.999995542 134
100000000.0,68,3.947459643111668e-15,228.55562068975996,58.999994055554794,57.0000059478 308.999994056 134
100000000.0,69,1.578983857244667e-15,228.55562068975996,58.99999256888793,57.0000074344 308.999992569 134
100000000.0,70,7.105427357601002e-15,228.55562068975996,58.99999108222107,57.0000089211 308.999991082 134
100000000.0,71,3.5061740769985285e-08,228.55562068975996,59.0,57 309 134.000000079
100000000.0,72,1.0770921379490675e-07,222.1605598533206,58.99999836469112,57.0000014615 308.999998365 134.000000114
100000000.0,73,1.477061751921206e-07,252.23738479503663,58.99999677536306,57.0000029691 308.999996775 134.000000259
100000000.0,74,1.0049688607220257e-07,229.62559004731884,58.999995052029476,57.0000044558 308.999995052 134.000000496
100000000.0,75,2.921120135902634e-14,229.62558436297695,58.99999332869589,57.0000059424 308.999993329 134.000000732
100000000.0,76,3.2369169073515674e-14,229.62559004731884,58.99999160536231,57.0000074291 308.999991605 134.000000969
100000000.0,77,0.0,229.62559004731884,59.0,57 309 134
100000000.0,78,2.3684757858670005e-15,229.62559004731884,58.999998515555376,57.0000014878 308.999998516 134
100000000.0,79,9.473903143468002e-15,229.62559004731884,58.999997028888515,57.0000029744 308.999997029 134
100000000.0,80,1.5000346643824338e-14,229.62559004731884,58.999995542221654,57.0000044611 308.999995542 134
100000000.0,81,4.736951571734001e-15,229.62559004731884,58.999994055554794,57.0000059478 308.999994056 134
100000000.0,82,7.012345864470464e-08,237.51447887839458,58.999992489999045,57.0000074344 308.99999249 134.000000079
100000000.0,83,1.1687244318005065e-07,250.66262882496812,58.99999095073957,57.0000089211 308.999990951 134.000000131
100000000.0,84,4.6748978219410574e-08,250.66262882496812,59.0,57 309 134.000000368
100000000.0,85,6.233197938046133e-08,236.63793630653527,58.99999815506146,57.0000013651 308.999998155 134.000000483
100000000.0,86,1.1842378929335004e-14,236.63793630653527,58.999996431727936,57.0000028517 308.999996432 134.00000072
100000000.0,87,2.0526790144180672e-14,236.63794199087715,58.999994708394354,57.0000043384 308.999994708 134.000000957
100000000.0,88,2.2895265930047673e-14,236.63793630653527,58.99999298506077,57.0000058251 308.999992985 134.000001193
100000000.0,89,1.578983857244667e-14,236.63794199087715,58.99999126172719,57.0000073117 308.999991262 134.00000143
100000000.0,90,0.0,236.63794199087715,59.0,57 309 134
100000000.0,91,3.947459643111668e-15,236.63794199087715,58.999998515555376,57.0000014878 308.999998516 134
100000000.0,92,3.947459643111668e-15,236.63794199087715,58.999997028888515,57.0000029744 308.999997029 134
100000000.0,93,3.5555573497782056e-08,220.63794066703122,58.99999546222159,57.0000044611 308.999995462 134
100000000.0,94,6.222223684441512e-08,211.9712747043668,58.99999395888807,57.0000059744 308.999993959 134.00000007
100000000.0,95,1.195061953593621e-07,238.8601729234797,58.999992273332225,57.0000074611 308.999992273 134.000000269
100000000.0,96,3.358022995472412e-08,231.3046195849456,58.99999054999864,57.0000089478 308.99999055 134.000000506
100000000.0,97,0.0,231.3046195849456,59.0,57 309 134.000000742
100000000.0,98,2.5263741715914672e-14,231.3046195849456,58.99999803037008,57.0000012404 308.99999803 134.000000733
100000000.0,99,2.7632217501781674e-14,231.3046252692875,58.99999630703644,57.000002727 308.999996307 134.000000969
100000000.0,100,9.473903143468002e-15,231.3046252692875,58.9999945837028,57.0000042137 308.999994584 134.000001206
